global_ids,types,X,Y,Z,areas,gyrations,volumes,ax1s,ax2s
35QeWibpT4DfyH3NIf2ngM,IfcDoor,1.267,0.374,2.41,6.379158,0.309483447,0.11985611,53.22346938,2.582124911
1byTDaqS91rBnWJlv$nmnC,IfcDoor,1.267,0.374,2.41,6.379158,0.309483447,0.11985611,53.22346938,2.582124911
1byTDaqS91rBnWJlv$nn1R,IfcDoor,0.374,1.267,2.41,6.379158,0.309483447,0.11985611,53.22346938,2.582124911
3FQVPSydHDKO1C1ghFW_N5,IfcWindow,0.95,0.32,1.18,2.565,0.273392998,0.031,82.74193548,8.819128958
2HSERXhNLEzu4p5VeFtKD0,IfcDoor,2.19,0.32,2.8,14.1436,0.622773922,0.30074,47.02932766,2.070805088
1byTDaqS91rBnWJlv$nmrp,IfcDoor,1.267,0.374,2.41,6.379158,0.309483447,0.11985611,53.22346938,2.582124911
1ZAn9yRZj7EAVstuwcZV7M,IfcWindow,1.2,0.32,0.825,2.2715,0.342127331,0.028325,80.19417476,12.07863481
1byTDaqS91rBnWJlv$nmpw,IfcDoor,0.374,1.267,2.41,6.379158,0.309483447,0.11985611,53.22346938,2.582124911
35QeWibpT4DfyH3NIf2oAY,IfcDoor,1.267,0.374,2.41,6.379158,0.309483447,0.11985611,53.22346938,2.582124911
1hOSvn6df7F8_7GcBWlRRL,IfcWindow,0.617,0.95,2.4,9.044896,0.332507559,0.098674048,91.66438576,3.369756947
1eHJakbVPEdf9cGdMXVBAY,IfcDoor,0.374,1.267,2.41,6.379158,0.309483447,0.11985611,53.22346938,2.582124911
1byTDaqS91rBnWJlv$nn54,IfcDoor,1.267,0.374,2.41,6.379158,0.309483447,0.11985611,53.22346938,2.582124911
1l4CMjIZ1FcByDbvqjoVd8,IfcDoor,2.19,0.32,2.72,13.7388,0.622670396,0.29182,47.07970667,2.133748187
3kVpB8D6LAugzJ0n2a1pgt,IfcSlab,2.45,0.45,0.3,1.625,0.653516131,0.05625,28.88888889,11.61806455
1Eo2$BaHX42AEkDvQQDocD,IfcWindow,1.372537683,1.424537683,0.3778,5.458225014,0.61071151,0.041999183,129.9602663,14.54103308
1byTDaqS91rBnWJlv$nmdJ,IfcDoor,1.267,0.374,2.41,6.379158,0.309483447,0.11985611,53.22346938,2.582124911
2H9Xpd9Nf1Uu7_jFnBZWSx,IfcDoor,0.517,2.182,2.41,10.965036,0.574538948,0.22291622,49.1890451,2.577376144
35QeWibpT4DfyH3NIf2oC0,IfcDoor,0.374,1.267,2.41,6.379158,0.309483447,0.11985611,53.22346938,2.582124911
2g$QZpOGbBUxSNx_ZgxJl5,IfcWindow,0.467,1.2,1.935,7.183156,0.391513745,0.068159298,105.3877638,5.744098844
0R38q9BnzFLed52g6e80mJ,IfcRailing,2.385,0.435,1.1175,2.227782366,0.82537973,0.013959764,159.5859627,59.12562231
2g$QZpOGbBUxSNx_ZgxG7q,IfcWindow,1.2,0.467,1.935,7.183156,0.391513745,0.068159298,105.3877638,5.744098845
35QeWibpT4DfyH3NIf2oXS,IfcDoor,0.374,1.267,2.41,6.379158,0.309483447,0.11985611,53.22346938,2.582124911
1wm0wknPj1lQYtyTvGxDI0,IfcSlab,7.675,7.38,0.38,106.4208,2.922132226,8.97669,11.8552384,0.325524467
1hOSvn6df7F8_7GcBWlRLx,IfcWindow,0.617,0.95,2.4,9.044896,0.332507559,0.098674048,91.66438576,3.369756947
3rRj5Ulwj0CRgQ1K0AQxEg,IfcSlab,3.11,1.806203172,0.448898979,10.69417499,0.958871011,0.700421563,15.26819783,1.368991279
3RydqTN756gfIpUs6ir6AB,IfcDoor,2.19,0.32,2.72,13.7388,0.622670396,0.29182,47.07970667,2.133748187
2aqH9Vitj7cAcHTfyIzO8z,IfcDoor,1.085,0.32,2.72,7.3259,0.290914046,0.14596,50.19114826,1.993108018
1byTDaqS91rBnWJlv$nmeg,IfcDoor,0.374,1.267,2.41,6.379158,0.309483447,0.11985611,53.22346938,2.582124911
1byTDaqS91rBnWJlv$nnQb,IfcDoor,0.374,1.267,2.41,6.379158,0.309483447,0.11985611,53.22346938,2.582124911
1yEYBNJcP6RPdjYCbIad6j,IfcSlab,3.11,1.80508566,0.421259918,10.68585206,0.95889401,0.699856448,15.26863414,1.370129564
3FXBwNe2vELBR$VbQMkAnE,IfcSlab,2.45,0.45,0.3,1.625,0.653516131,0.05625,28.88888889,11.61806455
1byTDaqS91rBnWJlv$n$Kj,IfcDoor,0.517,1.267,2.41,6.379158,0.316067497,0.11985611,53.22346938,2.637057858
1l0GAJtRTFv8$zmKJOH4oq,IfcWindow,0.617,1.019,0.959,4.25305924,0.330322653,0.048861284,87.04354278,6.760417
35QeWibpT4DfyH3NIf2nDz,IfcDoor,0.374,1.267,2.41,6.379158,0.309483447,0.11985611,53.22346938,2.582124911
00U97nJ51ADu9Un2R0RJbi,IfcSlab,7.675,7.38,0.38,106.4208,2.922131401,8.97669,11.8552384,0.325524375
0vXoO5Zpv3Mx5AM3AH5omQ,IfcDoor,2.19,0.32,2.72,13.7388,0.622670396,0.29182,47.07970667,2.133748187
0mxk1RW8H5mvX1dNnpRqwu,IfcDoor,0.517,2.182,2.41,10.965036,0.574538948,0.22291622,49.1890451,2.577376144
1byTDaqS91rBnWJlv$n$Db,IfcDoor,0.517,1.267,2.41,6.379158,0.316067497,0.11985611,53.22346938,2.637057858
1aj$VJZFn2TxepZUBcKpac,IfcDoor,1.114,0.374,2.308,5.400468,0.265980739,0.097883984,55.17213112,2.717306024
2OBrcmyk58NupXoVOHUtoa,IfcSlab,6.009,2.43,0.213,26.117154,1.796231727,0.16840291,155.0873082,10.66627487
35QeWibpT4DfyH3NIf2nsN,IfcDoor,0.374,1.267,2.41,6.379158,0.309483447,0.11985611,53.22346938,2.582124911
2OBrcmyk58NupXoVOHUtju,IfcSlab,1.656,2.371,0.213,6.416254,0.754606796,0.041092688,156.1410147,18.36352969
35QeWibpT4DfyH3NIf2n92,IfcDoor,0.374,1.267,2.41,6.379158,0.309483447,0.11985611,53.22346938,2.582124911
1Ci4_9Ff97le_ukPGFs3$N,IfcDoor,2.19,0.32,2.8,14.1436,0.622773922,0.30074,47.02932766,2.070805088
1byTDaqS91rBnWJlv$nnhB,IfcDoor,1.267,0.374,2.41,6.379158,0.309483447,0.11985611,53.22346938,2.582124911
0otfaO0qPDAhynjJ6DmgKt,IfcWindow,0.467,1.2,1.935,7.183156,0.391513745,0.068159298,105.3877638,5.744098845
2g$QZpOGbBUxSNx_ZgxJoj,IfcWindow,0.467,1.2,1.935,7.183156,0.391513745,0.068159298,105.3877638,5.744098845
1hOSvn6df7F8_7GcBWlSp1,IfcWindow,1.019,0.617,0.959,4.25305924,0.330322653,0.048861284,87.04354278,6.760417
3qpE7fVkr8dRZ2wfCc6tWA,IfcDoor,0.225,1.065,1.7,2.71325,0.24980826,0.0324375,83.64547206,7.701218029
35QeWibpT4DfyH3NIf2mVx,IfcDoor,0.374,1.267,2.41,6.379158,0.309483447,0.11985611,53.22346938,2.582124911
35QeWibpT4DfyH3NIf2nTY,IfcDoor,1.267,0.374,2.41,6.379158,0.309483447,0.11985611,53.22346938,2.582124911
25Lx$wIdHFAhVEMjnrwrs9,IfcWindow,1.415,0.32,1.68,5.3669,0.44207506,0.056107,95.65473114,7.879142714
1hOSvn6df7F8_7GcBWlSXO,IfcWindow,3,0.617,2.61,23.751856,1.01580199,0.221796648,107.0884353,4.57987981
1byTDaqS91rBnWJlv$n$uh,IfcDoor,0.374,1.267,2.41,6.379158,0.309483447,0.11985611,53.22346938,2.582124911
2b9an2$8n5XB5eK3hCqj$A,IfcDoor,1.21,0.32,2.8,8.2634,0.329471078,0.16746,49.34551535,1.967461349
1sq3ZCKcn6Q9Qy3oJcjS6Q,IfcRailing,2.385,0.435,1.1175,2.227782366,0.82537973,0.013959764,159.5859627,59.12562231
2cz_Oqyof4R8qhyckBhTrP,IfcDoor,1.085,0.32,2.72,7.3259,0.290914046,0.14596,50.19114826,1.993108018
35QeWibpT4DfyH3NIf2o7X,IfcDoor,1.267,0.374,2.41,6.379158,0.309483447,0.11985611,53.22346938,2.582124911
3QNfcVy3L7Kwu54LY_so2d,IfcDoor,0.32,1.085,2.33,6.2534,0.290543469,0.1240225,50.4214961,2.342667414
1byTDaqS91rBnWJlv$n$Qk,IfcDoor,0.374,1.267,2.41,6.379158,0.309483447,0.11985611,53.22346938,2.582124911
0RLwbjSzj0u9QH55sCnSRT,IfcDoor,2.19,0.32,2.72,13.7388,0.622670396,0.29182,47.07970667,2.133748187
3NhaIUfh12PAdrGa$S3__F,IfcRailing,2.875000791,5.339998436,5.883905313,11.3332013,2.06328773,0.075688226,149.7353265,27.26035245
1byTDaqS91rBnWJlv$nm7E,IfcDoor,1.267,0.374,2.41,6.379158,0.309483447,0.11985611,53.22346938,2.582124911
0otfaO0qPDAhynjJ6DmgQg,IfcWindow,0.467,1.2,1.935,7.183156,0.391513745,0.068159298,105.3877638,5.744098845
0bpfxAz3XBrAx$RjFuHwvy,IfcRailing,1.310086924,6.445574555,1.299999663,4.63317063,1.721417577,0.145215686,31.9054418,11.85421231
1byTDaqS91rBnWJlv$n$nD,IfcDoor,1.267,0.374,2.41,6.379158,0.309483447,0.11985611,53.22346938,2.582124911
3NYMu5Ps5BlvapoySwenJi,IfcWindow,1.21,0.32,2.72,7.4454,0.384804697,0.076102,97.8344853,5.056433428
1byTDaqS91rBnWJlv$n$5v,IfcDoor,1.267,0.374,2.41,6.379158,0.309483447,0.11985611,53.22346938,2.582124911
13UvdNNU9A$vAHyJKoeOLC,IfcRailing,2.385,0.435,1.1175,2.227782366,0.82537973,0.013959764,159.5859627,59.12562231
1byTDaqS91rBnWJlv$nmHr,IfcDoor,1.267,0.374,2.41,6.379158,0.309483447,0.11985611,53.22346938,2.582124911
2g$QZpOGbBUxSNx_ZgxJxR,IfcWindow,0.467,1.2,1.935,7.183156,0.391513745,0.068159298,105.3877638,5.744098845
0fwijrbxHF$OUAhL_DoXl9,IfcSlab,7.675,7.38,0.38,106.4208,2.922131401,8.97669,11.8552384,0.325524375
1byTDaqS91rBnWJlv$nmj8,IfcDoor,0.374,1.267,2.41,6.379158,0.309483447,0.11985611,53.22346938,2.582124911
3y19XtkpDEw9A6kXlObgTV,IfcDoor,0.32,1.085,2.72,7.3259,0.290914046,0.14596,50.19114826,1.993108018
1hOSvn6df7F8_7GcBWlSga,IfcWindow,1.019,0.617,0.959,4.249626,0.330818335,0.04872698,87.21299781,6.78922304
35QeWibpT4DfyH3NIf2o03,IfcDoor,1.267,0.374,2.41,6.379158,0.309483447,0.11985611,53.22346938,2.582124911
0bpfxAz3XBrAx$RjFuHvgA,IfcDoor,0.3143,1.1010006,2.525,4.346431765,0.262675542,0.02719423,159.8291932,9.659238235
2OBrcmyk58NupXoVOHUvR4,IfcDoor,0.374,1.216,2.308,5.866608,0.294963595,0.108842048,53.90019857,2.710015116
1byTDaqS91rBnWJlv$n$cb,IfcDoor,0.374,1.267,2.41,6.379158,0.309483447,0.11985611,53.22346938,2.582124911
3Co16NYaj2FwiubABqwXUv,IfcDoor,1.085,0.32,2.72,7.3259,0.290914046,0.14596,50.19114826,1.993108018
1byTDaqS91rBnWJlv$n$iu,IfcDoor,1.267,0.374,2.41,6.379158,0.309483447,0.11985611,53.22346938,2.582124911
35QeWibpT4DfyH3NIf2nOv,IfcDoor,1.065,0.225,1.7,2.71325,0.24980826,0.0324375,83.64547206,7.701218029
1_90YXbZDAKA_u7Z36qQe_,IfcWindow,0.95,0.32,0.825,1.784,0.261984325,0.0230125,77.52308528,11.38443565
35QeWibpT4DfyH3NIf2mOc,IfcDoor,1.267,0.374,2.41,6.379158,0.309483447,0.11985611,53.22346938,2.582124911
1hOSvn6df7F8_7GcBWlRrM,IfcSlab,3.908,17.166,0.505,131.9035192,5.139260314,18.09679302,7.288778684,0.283987351
1byTDaqS91rBnWJlv$nn3d,IfcDoor,0.374,1.267,2.41,6.379158,0.309483447,0.11985611,53.22346938,2.582124911
1byTDaqS91rBnWJlv$nnxF,IfcDoor,0.374,1.267,2.41,6.379158,0.309483447,0.11985611,53.22346938,2.582124911
0bpfxAz3XBrAx$RjFuHv4q,IfcDoor,0.3143,1.099548749,2.525,4.339643783,0.262252153,0.02715136,159.8315437,9.658895655
1byTDaqS91rBnWJlv$n$P5,IfcDoor,0.374,1.267,2.41,6.379158,0.309483447,0.11985611,53.22346938,2.582124911
2OBrcmyk58NupXoVOHUt8F,IfcSlab,3.908,6.449,0.219,44.46483,2.032653457,0.418821408,106.1665644,4.853270195
0gJqgM_uD3HhjzBFQCliSP,IfcDoor,2.19,0.32,2.72,13.7388,0.622670396,0.29182,47.07970667,2.133748187
2g$QZpOGbBUxSNx_ZgxG1w,IfcWindow,0.467,1.2,1.935,7.183156,0.391513745,0.068159298,105.3877638,5.744098845
1UvQBmwUP1wwMo_BGRQ3Lz,IfcWindow,1.21,0.32,2.72,7.4454,0.384804697,0.076102,97.8344853,5.056433428
1byTDaqS91rBnWJlv$nmsg,IfcDoor,1.267,0.374,2.41,6.379158,0.309483447,0.11985611,53.22346938,2.582124911
35QeWibpT4DfyH3NIf2sIn,IfcDoor,0.374,1.267,2.41,6.379158,0.309483447,0.11985611,53.22346938,2.582124911
1byTDaqS91rBnWJlv$nmTD,IfcDoor,1.267,0.374,2.41,6.379158,0.309483447,0.11985611,53.22346938,2.582124911
0qOY75ijvFsR_umkpK6Led,IfcRailing,2.385,0.435,1.1175,2.227782366,0.82537973,0.013959764,159.5859627,59.12562231
0ztdC3L1HAzhbhMHypqcDa,IfcDoor,1.267,0.374,2.41,6.379158,0.309483447,0.11985611,53.22346938,2.582124911
1YpFJa4wz0QOrryLkEHU0u,IfcDoor,0.32,1.085,2.33,6.2534,0.290543469,0.1240225,50.4214961,2.342667414
35QeWibpT4DfyH3NIf2n09,IfcDoor,0.374,1.267,2.41,6.379158,0.309483447,0.11985611,53.22346938,2.582124911
0mxk1RW8H5mvX1dNnpRqEq,IfcRailing,1.464999008,3.910001422,5.870000076,7.953753088,1.234462807,0.052733056,150.830497,23.4096579
1byTDaqS91rBnWJlv$nnKl,IfcDoor,1.267,0.374,2.41,6.379158,0.309483447,0.11985611,53.22346938,2.582124911
1wZDK8HB1B09_nTKprvePI,IfcDoor,2.19,0.32,2.72,13.7388,0.622670396,0.29182,47.07970667,2.133748187
2OBrcmyk58NupXoVOHUtC0,IfcSlab,3.908,6.449,0.219,44.46483,2.032653457,0.418821408,106.1665644,4.853270195
27tsNyngD908ZF6_DqzQuC,IfcDoor,2.19,0.32,2.8,14.1436,0.622773922,0.30074,47.02932766,2.070805088
1byTDaqS91rBnWJlv$nndY,IfcDoor,0.374,1.267,2.41,6.379158,0.309483447,0.11985611,53.22346938,2.582124911
2g$QZpOGbBUxSNx_ZgxG25,IfcWindow,1.2,0.467,1.935,7.183156,0.391513745,0.068159298,105.3877638,5.744098844
1byTDaqS91rBnWJlv$n$Ls,IfcDoor,1.267,0.374,2.41,6.379158,0.309483447,0.11985611,53.22346938,2.582124911
35QeWibpT4DfyH3NIf2oDt,IfcDoor,0.374,1.267,2.41,6.379158,0.309483447,0.11985611,53.22346938,2.582124911
2g$QZpOGbBUxSNx_ZgxJk0,IfcWindow,0.467,1.2,1.935,7.183156,0.391513745,0.068159298,105.3877638,5.744098845
297XluJ5TBZ9MDdav8AJdt,IfcRailing,2.385,0.435,1.1175,2.227782366,0.82537973,0.013959764,159.5859627,59.12562231
35QeWibpT4DfyH3NIf2o3Q,IfcDoor,1.267,0.374,2.41,6.379158,0.309483447,0.11985611,53.22346938,2.582124911
1hOSvn6df7F8_7GcBWlRBU,IfcWindow,5.035,0.617,2.62,37.739076,1.640098443,0.337282498,111.891593,4.862684702
0DaKs9vZjE1R5K0GIDFxzL,IfcWindow,1.415,0.32,1.2,3.8645,0.428325254,0.043075,89.7156123,9.943708747
2g$QZpOGbBUxSNx_ZgxJsp,IfcWindow,1.2,0.467,1.935,7.183156,0.391513745,0.068159298,105.3877638,5.744098845
2OBrcmyk58NupXoVOHUtgP,IfcSlab,8.166,9.508,0.219,95.09753548,3.320535067,0.895852446,106.1531237,3.706564716
2uwjZWb$56Dv$G_4Myi2RD,IfcRailing,2.385,0.435,1.1175,2.227782366,0.82537973,0.013959764,159.5859627,59.12562231
3ej1GP$WL4eQZ6cZ35x41z,IfcSlab,7.675,7.38,0.61,119.3581,2.992045357,22.004905,5.424158841,0.135971746
1l0GAJtRTFv8$zmKJOH4hv,IfcWindow,0.617,1.019,0.959,4.249626,0.330818335,0.04872698,87.21299781,6.78922304
35QeWibpT4DfyH3NIf2nYS,IfcDoor,1.267,0.374,2.41,6.379158,0.309483447,0.11985611,53.22346938,2.582124911
1byTDaqS91rBnWJlv$nmhs,IfcDoor,1.267,0.374,2.41,6.379158,0.309483447,0.11985611,53.22346938,2.582124911
376s9IwDr1o89AU3LdwJtO,IfcWindow,1.21,0.32,2.72,7.4454,0.384804697,0.076102,97.8344853,5.056433428
1CZILmCaHETO8tf3SgGEWh,IfcSlab,6,4.582734,0.35,53.8945346,2.098578037,3.81297858,14.13449708,0.55037761
3uJysHX9XAfg$97uAC4lIQ,IfcSlab,2.7,2.2,0.3,10.9,0.924211376,0.5,21.8,1.848422751
35QeWibpT4DfyH3NIf2nzB,IfcDoor,0.374,1.267,2.41,6.379158,0.309483447,0.11985611,53.22346938,2.582124911
35QeWibpT4DfyH3NIf2nbp,IfcDoor,1.267,0.374,2.41,6.379158,0.309483447,0.11985611,53.22346938,2.582124911
0otfaO0qPDAhynjJ6Dmgjh,IfcWindow,1.2,0.467,1.935,7.183156,0.391513745,0.068159298,105.3877638,5.744098845
1byTDaqS91rBnWJlv$nmmF,IfcDoor,0.374,1.267,2.41,6.379158,0.309483447,0.11985611,53.22346938,2.582124911
1byTDaqS91rBnWJlv$nnRu,IfcDoor,0.374,1.267,2.41,6.379158,0.309483447,0.11985611,53.22346938,2.582124911
0otfaO0qPDAhynjJ6Dmg1N,IfcWindow,1.2,0.467,1.935,7.183156,0.391513745,0.068159298,105.3877638,5.744098845
3z0eyO8Z93FgMBo2i5jrfw,IfcSlab,2.45,0.45,0.3,1.625,0.653516131,0.05625,28.88888889,11.61806455
0mxk1RW8H5mvX1dNnpRq2e,IfcRailing,5.339999866,2.57600043,5.870000076,11.08764258,1.976993272,0.074029997,149.7722946,26.70529976
1byTDaqS91rBnWJlv$nmeL,IfcDoor,1.267,0.374,2.41,6.379158,0.309483447,0.11985611,53.22346938,2.582124911
1byTDaqS91rBnWJlv$nmJJ,IfcDoor,1.267,0.374,2.41,6.379158,0.309483447,0.11985611,53.22346938,2.582124911
0ZGcf06TjCI8_1ZVSPB0fu,IfcSlab,2.520000143,1.35,0.25,5.683000343,0.747490282,0.133400008,42.60119935,5.603375083
1s1jVhK8z0pgKYcr9jt781,IfcDoor,1.165,0.667,2.696,6.9415335,0.383801683,0.06214232,111.7038027,6.176172381
1byTDaqS91rBnWJlv$n$9Q,IfcDoor,0.374,1.267,2.41,6.379158,0.309483447,0.11985611,53.22346938,2.582124911
22lekKWcTBXw2QT1AUf$4c,IfcRailing,2.385081205,0.435081585,1.1175,2.22593433,0.824929318,0.013946189,159.6087923,59.15087901
0yz7VbbQ92w9e4ISKc6P3N,IfcDoor,2.19,0.32,2.72,13.7388,0.622670396,0.29182,47.07970667,2.133748187
0otfaO0qPDAhynjJ6DmgWH,IfcWindow,1.2,0.467,1.935,7.183156,0.391513745,0.068159298,105.3877638,5.744098844
1hOSvn6df7F8_7GcBWlS4Q,IfcWindow,1.019,0.617,0.959,4.249626,0.330818335,0.04872698,87.21299781,6.78922304
0wJLcGCZvB7hg$Ajh8TeET,IfcDoor,0.32,1.085,2.72,7.3259,0.290914046,0.14596,50.19114826,1.993108018
2g$QZpOGbBUxSNx_ZgxJrM,IfcWindow,0.467,1.2,1.935,7.183156,0.391513745,0.068159298,105.3877638,5.744098845
0y7GJzNMrAXRHmtLxG6dFE,IfcSlab,2.45,0.45,0.3,1.625,0.653516131,0.05625,28.88888889,11.61806455
35QeWibpT4DfyH3NIf2oEe,IfcDoor,1.267,0.374,2.41,6.379158,0.309483447,0.11985611,53.22346938,2.582124911
0eOw95Ftz8ouxhngfqpnmz,IfcSlab,7.675,7.38,0.45,114.6685,2.992045357,13.417625,8.54611006,0.222993664
2OBrcmyk58NupXoVOHUt0F,IfcSlab,1.724,4.36,0.213,12.827464,1.27893758,0.08241792,155.639259,15.51771241
0Em$KsiYn4c9RYp9aqMd7M,IfcWindow,1.415,0.32,1.68,5.3669,0.44207506,0.056107,95.65473114,7.879142714
1ecjPdXmv1k8mMW9IVwviV,IfcWindow,0.95,0.32,1.18,2.565,0.273392998,0.031,82.74193548,8.819128958
2g$QZpOGbBUxSNx_ZgxGCP,IfcWindow,1.2,0.467,1.935,7.183156,0.391513745,0.068159298,105.3877638,5.744098844
1nYv6J5nPBrPLaXl8sUO7s,IfcRailing,2.385,0.435,1.1175,2.227782366,0.82537973,0.013959764,159.5859627,59.12562231
2wHyf6ACrC8hG4R5w2$_8m,IfcSlab,3.11,1.805919926,0.440660766,10.69167965,0.958884744,0.700253053,15.26830851,1.369340326
35QeWibpT4DfyH3NIf2nHB,IfcDoor,1.267,0.374,2.41,6.379158,0.309483447,0.11985611,53.22346938,2.582124911
35QeWibpT4DfyH3NIf2mTr,IfcDoor,1.267,0.374,2.41,6.379158,0.309483447,0.11985611,53.22346938,2.582124911
35QeWibpT4DfyH3NIf2oil,IfcDoor,0.374,1.267,2.41,6.379158,0.309483447,0.11985611,53.22346938,2.582124911
1hZeF0nAz4JBDqRWYr$yqv,IfcSlab,3.11,1.805433716,0.428707972,10.68808128,0.958894286,0.700008674,15.26849833,1.369832005
2S7INY8Q12AeF7WgGL29F9,IfcDoor,1.085,0.32,2.72,7.3259,0.290914046,0.14596,50.19114826,1.993108018
35QeWibpT4DfyH3NIf2olL,IfcDoor,1.267,0.374,2.41,6.379158,0.309483447,0.11985611,53.22346938,2.582124911
35QeWibpT4DfyH3NIf2mJK,IfcDoor,1.267,0.374,2.41,6.379158,0.309483447,0.11985611,53.22346938,2.582124911
1byTDaqS91rBnWJlv$nn0o,IfcDoor,1.267,0.374,2.41,6.379158,0.309483447,0.11985611,53.22346938,2.582124911
1byTDaqS91rBnWJlv$n$0$,IfcDoor,1.267,0.374,2.41,6.379158,0.309483447,0.11985611,53.22346938,2.582124911
35QeWibpT4DfyH3NIf2nG0,IfcDoor,1.267,0.374,2.41,6.379158,0.309483447,0.11985611,53.22346938,2.582124911
0otfaO0qPDAhynjJ6DmgTb,IfcWindow,0.467,1.2,1.935,7.183156,0.391513745,0.068159298,105.3877638,5.744098845
1byTDaqS91rBnWJlv$n$TS,IfcDoor,1.267,0.374,2.41,6.379158,0.309483447,0.11985611,53.22346938,2.582124911
1byTDaqS91rBnWJlv$n__m,IfcDoor,1.267,0.374,2.41,6.379158,0.309483447,0.11985611,53.22346938,2.582124911
0otfaO0qPDAhynjJ6DmgFZ,IfcWindow,0.467,1.2,1.935,7.183156,0.391513745,0.068159298,105.3877638,5.744098845
0otfaO0qPDAhynjJ6Dmg87,IfcWindow,1.2,0.467,1.935,7.183156,0.391513745,0.068159298,105.3877638,5.744098845
1byTDaqS91rBnWJlv$nmXk,IfcDoor,0.374,1.267,2.41,6.379158,0.309483447,0.11985611,53.22346938,2.582124911
35QeWibpT4DfyH3NIf2n5C,IfcDoor,1.267,0.374,2.41,6.379158,0.309483447,0.11985611,53.22346938,2.582124911
35QeWibpT4DfyH3NIf2nXy,IfcDoor,0.374,1.267,2.41,6.379158,0.309483447,0.11985611,53.22346938,2.582124911
35QeWibpT4DfyH3NIf2nSp,IfcDoor,0.374,1.267,2.41,6.379158,0.309483447,0.11985611,53.22346938,2.582124911
2dfMMV62T2AedyzVxppix_,IfcDoor,2.19,0.32,2.72,13.7388,0.622670396,0.29182,47.07970667,2.133748187
2g$QZpOGbBUxSNx_ZgxJps,IfcWindow,0.467,1.2,1.935,7.183156,0.391513745,0.068159298,105.3877638,5.744098845
1byTDaqS91rBnWJlv$n$lh,IfcDoor,0.374,1.267,2.41,6.379158,0.309483447,0.11985611,53.22346938,2.582124911
1byTDaqS91rBnWJlv$n$t9,IfcDoor,1.267,0.374,2.41,6.379158,0.309483447,0.11985611,53.22346938,2.582124911
0dhzZG9wrB2BUeQLFnE0WM,IfcSlab,7.675,7.38,0.45,114.6685,2.992045357,13.417625,8.54611006,0.222993664
1l0GAJtRTFv8$zmKJOH4kJ,IfcWindow,0.617,1.019,0.959,4.249626,0.330818335,0.04872698,87.21299781,6.78922304
2O2Fr$t4X7Zf8NOew3FK4F,IfcSlab,8.166,9.508,0.327,133.947452,3.373478595,8.227050856,16.28134484,0.41004713
0hFBTMiZjBl8oFeMbWoLKT,IfcWindow,1.21,0.32,2.72,7.4454,0.384804697,0.076102,97.8344853,5.056433428
1byTDaqS91rBnWJlv$nmAj,IfcDoor,0.374,1.267,2.41,6.379158,0.309483447,0.11985611,53.22346938,2.582124911
35QeWibpT4DfyH3NIf2nCI,IfcDoor,0.374,1.267,2.41,6.379158,0.309483447,0.11985611,53.22346938,2.582124911
3wXp5YXGP6tfEj9QG9WwCj,IfcWindow,0.95,0.32,1.18,2.565,0.273392998,0.031,82.74193548,8.819128958
1byTDaqS91rBnWJlv$n$sW,IfcDoor,0.374,1.267,2.41,6.379158,0.309483447,0.11985611,53.22346938,2.582124911
0otfaO0qPDAhynjJ6Dmg4K,IfcWindow,1.2,0.467,1.935,7.183156,0.391513745,0.068159298,105.3877638,5.744098845
1LqCWLMwn5ChxXeBbnR8qY,IfcDoor,2.19,0.32,2.72,13.7388,0.622670396,0.29182,47.07970667,2.133748187
2g$QZpOGbBUxSNx_ZgxJqZ,IfcWindow,0.467,1.2,1.935,7.183156,0.391513745,0.068159298,105.3877638,5.744098845
1byTDaqS91rBnWJlv$n$m2,IfcDoor,1.267,0.374,2.41,6.379158,0.309483447,0.11985611,53.22346938,2.582124911
3iASXWe9TFARlA$oNumLVa,IfcSlab,7.675,7.38,0.45,114.6685,2.992045357,13.417625,8.54611006,0.222993664
1qc5HjZvrCsga38tqxQ3VC,IfcDoor,0.374,2.082,2.41,10.487636,0.543419321,0.21165282,49.55112812,2.567503333
1byTDaqS91rBnWJlv$nm9g,IfcDoor,0.374,1.267,2.41,6.379158,0.309483447,0.11985611,53.22346938,2.582124911
3diCC$3KrF5BxpxbSkFSfr,IfcDoor,2.19,0.32,2.72,13.7388,0.622670396,0.29182,47.07970667,2.133748187
0otfaO0qPDAhynjJ6DmgdG,IfcWindow,1.2,0.467,1.935,7.183156,0.391513745,0.068159298,105.3877638,5.744098845
0otfaO0qPDAhynjJ6DnLsa,IfcWindow,0.467,1.2,1.935,7.183156,0.391513745,0.068159298,105.3877638,5.744098844
0mxk1RW8H5mvX1dNnpRqEm,IfcRailing,2.6100017,5.339997959,5.870000076,11.09220932,1.985498738,0.074079575,149.7337057,26.80224246
1byTDaqS91rBnWJlv$nmIS,IfcDoor,1.267,0.374,2.41,6.379158,0.309483447,0.11985611,53.22346938,2.582124911
1byTDaqS91rBnWJlv$nmCW,IfcDoor,0.374,1.267,2.41,6.379158,0.309483447,0.11985611,53.22346938,2.582124911
1l0GAJtRTFv8$zmKJOH4$e,IfcWindow,0.617,3,2.61,23.751856,1.01580199,0.221796648,107.0884353,4.57987981
1byTDaqS91rBnWJlv$nmxs,IfcDoor,1.267,0.374,2.41,6.379158,0.309483447,0.11985611,53.22346938,2.582124911
0hClkaWNXADeZuzBgt7BwR,IfcWindow,1.415,0.32,1.2,3.8645,0.428325254,0.043075,89.7156123,9.943708747
1byTDaqS91rBnWJlv$nm$e,IfcDoor,1.267,0.374,2.41,6.379158,0.309483447,0.11985611,53.22346938,2.582124911
0otfaO0qPDAhynjJ6DnLrq,IfcWindow,1.2,0.467,1.935,7.183156,0.391513745,0.068159298,105.3877638,5.744098845
1hOSvn6df7F8_7GcBWlS_W,IfcWindow,3,0.617,2.61,23.751856,1.01580199,0.221796648,107.0884353,4.57987981
2nmF4SfA53HwOUqio8eC6P,IfcWindow,1.415,0.32,1.2,3.8645,0.428325254,0.043075,89.7156123,9.943708747
1byTDaqS91rBnWJlv$nms7,IfcDoor,1.267,0.374,2.41,6.379158,0.309483447,0.11985611,53.22346938,2.582124911
2g$QZpOGbBUxSNx_ZgxJtw,IfcWindow,0.467,1.2,1.935,7.183156,0.391513745,0.068159298,105.3877638,5.744098845
1hOSvn6df7F8_7GcBWlS1M,IfcWindow,1.019,0.617,0.959,4.25305924,0.330322653,0.048861284,87.04354278,6.760417
35QeWibpT4DfyH3NIf2nk$,IfcDoor,1.267,0.374,2.41,6.379158,0.309483447,0.11985611,53.22346938,2.582124911
0otfaO0qPDAhynjJ6Dmg7t,IfcWindow,1.2,0.467,1.935,7.183156,0.391513745,0.068159298,105.3877638,5.744098845
257BDFGvb67Bu1YenmZ9KK,IfcDoor,1.21,0.32,2.8,8.2634,0.329471078,0.16746,49.34551535,1.967461349
1byTDaqS91rBnWJlv$nnfS,IfcDoor,0.374,1.267,2.41,6.379158,0.309483447,0.11985611,53.22346938,2.582124911
0bb0DZ5jn9dusOmNyFZF9k,IfcDoor,1.085,0.32,2.72,7.3259,0.290914046,0.14596,50.19114826,1.993108018
0E_GB4VlXEMhsAkPpccRSC,IfcSlab,7.675,7.38,0.45,114.6685,2.992045357,13.417625,8.54611006,0.222993664
35QeWibpT4DfyH3NIf2n7C,IfcDoor,1.267,0.374,2.41,6.379158,0.309483447,0.11985611,53.22346938,2.582124911
1byTDaqS91rBnWJlv$n$gx,IfcDoor,1.267,0.374,2.41,6.379158,0.309483447,0.11985611,53.22346938,2.582124911
24b7QA$u9B6PWCemHbVVYO,IfcWindow,1.415,0.32,1.2,3.8645,0.428325254,0.043075,89.7156123,9.943708747
1rwkKnKer8cxMGFEaL_UVm,IfcDoor,0.32,1.085,2.72,7.3259,0.290914046,0.14596,50.19114826,1.993108018
3eIXtbz01CQuZOCQ8qhuxf,IfcDoor,2.902,0.245999999,2.162000012,12.53887856,0.804874549,0.059765163,209.802467,13.46728619
1byTDaqS91rBnWJlv$nmWh,IfcDoor,1.267,0.374,2.41,6.379158,0.309483447,0.11985611,53.22346938,2.582124911
1YVkpHqzT97Ai1czAQ6ipG,IfcDoor,2.19,0.32,2.72,13.7388,0.622670396,0.29182,47.07970667,2.133748187
3B42tgnPT4YPguPNio8Neo,IfcWindow,0.95,0.32,0.825,1.784,0.261984325,0.0230125,77.52308528,11.38443565
2cTeoFZTf6xf4ve1Sgpl1t,IfcSlab,2.45,0.45,0.3,1.625,0.653516131,0.05625,28.88888889,11.61806455
1byTDaqS91rBnWJlv$nmyn,IfcDoor,1.267,0.374,2.41,6.379158,0.309483447,0.11985611,53.22346938,2.582124911
0kDw6Y$0n51e0nbpL5AKHs,IfcDoor,2.19,0.32,2.8,14.1436,0.622773922,0.30074,47.02932766,2.070805088
35QeWibpT4DfyH3NIf2mPA,IfcDoor,1.267,0.374,2.41,6.379158,0.309483447,0.11985611,53.22346938,2.582124911
1byTDaqS91rBnWJlv$n$OE,IfcDoor,0.374,1.267,2.41,6.379158,0.309483447,0.11985611,53.22346938,2.582124911
2xmbPKpzD9oOgks5iF477B,IfcDoor,1.085,0.32,2.72,7.3259,0.290914046,0.14596,50.19114826,1.993108018
1oCmeD_UH0NAQ13DTKAKXn,IfcDoor,0.3143,1.1010006,2.525,4.346431765,0.262675542,0.02719423,159.8291932,9.659238235
3ThA22djr8AQQ9eQMA5s7I,IfcSlab,8.166,17.166,0.657,292.4973656,5.436696799,60.74719844,4.814993499,0.089497079
1hOSvn6df7F8_7GcBWlR72,IfcWindow,5.035,0.617,2.62,37.739076,1.640098443,0.337282498,111.891593,4.862684702
102hFfQGDEOBE7V8g0mC8W,IfcWindow,1.415,0.32,1.68,5.3669,0.44207506,0.056107,95.65473114,7.879142714
3LjuaIy0TB9BYwqsSadrQS,IfcDoor,0.3143,1.099548749,2.525,4.339643783,0.262252153,0.02715136,159.8315437,9.658895655
35QeWibpT4DfyH3NIf2nMH,IfcDoor,0.374,1.267,2.41,6.379158,0.309483447,0.11985611,53.22346938,2.582124911
1byTDaqS91rBnWJlv$n$Zq,IfcDoor,0.374,1.267,2.41,6.379158,0.309483447,0.11985611,53.22346938,2.582124911
1byTDaqS91rBnWJlv$nn72,IfcDoor,0.374,1.267,2.41,6.379158,0.309483447,0.11985611,53.22346938,2.582124911
1byTDaqS91rBnWJlv$nm6r,IfcDoor,0.374,1.267,2.41,6.379158,0.309483447,0.11985611,53.22346938,2.582124911
0LSkmVeEz8$OhFjqm4WfI0,IfcSlab,7.675,7.38,0.38,106.4208,2.922131401,8.97669,11.8552384,0.325524375
20WCXjGrT0Mes7IkMcPT8Y,IfcSlab,2.7,2.2,0.3,10.9,0.924211376,0.5,21.8,1.848422751
2bSdioeDr6uRkuYwLXEqdi,IfcDoor,0.32,1.085,2.8,7.5459,0.290976641,0.15046,50.15219992,1.933913606
1byTDaqS91rBnWJlv$nn82,IfcDoor,0.374,1.267,2.41,6.379158,0.309483447,0.11985611,53.22346938,2.582124911
35QeWibpT4DfyH3NIf2nRq,IfcDoor,1.267,0.374,2.41,6.379158,0.309483447,0.11985611,53.22346938,2.582124911
1byTDaqS91rBnWJlv$nnOd,IfcDoor,0.374,1.267,2.41,6.379158,0.309483447,0.11985611,53.22346938,2.582124911
1byTDaqS91rBnWJlv$n$wG,IfcDoor,0.374,1.572,2.41,7.835228,0.396781677,0.15420948,50.80899047,2.57300444
1gI9yvoGTDdAVuJ6X4le$S,IfcDoor,2.19,0.32,2.8,14.1436,0.622773922,0.30074,47.02932766,2.070805088
215i6zgNzExvVdsC0sC0TE,IfcDoor,1.085,0.32,2.72,7.3259,0.290914046,0.14596,50.19114826,1.993108018
2yD66Bokr0jRIU3nebolJC,IfcRailing,2.385,0.435,1.1175,2.227782366,0.82537973,0.013959764,159.5859627,59.12562231
2OBrcmyk58NupXoVOHUten,IfcSlab,6.009,2.43,0.213,26.117154,1.796231727,0.16840291,155.0873082,10.66627487
3qpE7fVkr8dRZ2wfCc6tjC,IfcDoor,0.225,1.065,1.7,2.71325,0.24980826,0.0324375,83.64547206,7.701218029
0n9MOIWtH5YQCWD492V9Gs,IfcDoor,2.19,0.32,2.8,14.1436,0.622773922,0.30074,47.02932766,2.070805088
1jj1J6qBXAKhnoBT6qD$Oa,IfcWindow,1.415,0.32,1.2,3.8645,0.428325254,0.043075,89.7156123,9.943708747
2tw3QDFSDD19cAIA6jpSFg,IfcSlab,1.21,0.6,0.3,1.09,0.313594749,0.0404,26.98019802,7.762246265
1I_Rp6d3j27fE7zFUMgaqj,IfcDoor,2.902,0.245999999,2.162000012,12.53887856,0.804874549,0.059765163,209.802467,13.46728619
35QeWibpT4DfyH3NIf2mOF,IfcDoor,1.267,0.374,2.41,6.379158,0.309483447,0.11985611,53.22346938,2.582124911
1aj$VJZFn2TxepZUBcKp$i,IfcDoor,1.114,0.374,2.308,5.400468,0.265980739,0.097883984,55.17213112,2.717306024
2cw31c83rEwwUQAXLrLyoi,IfcWindow,0.95,0.32,1.18,2.565,0.273392998,0.031,82.74193548,8.819128958
0xUp88Fb99vAaphf3pNOo1,IfcSlab,7.675,7.38,0.45,114.6685,2.992045357,13.417625,8.54611006,0.222993664
1OlyrqS6r8JQAN1mOyoyYV,IfcDoor,1.085,0.32,2.33,6.2534,0.290543469,0.1240225,50.4214961,2.342667414
14a_vuUkr9Aug0F5XZL1r9,IfcWindow,0.95,0.32,0.825,1.784,0.261984325,0.0230125,77.52308528,11.38443565
35QeWibpT4DfyH3NIf2no0,IfcDoor,0.374,1.267,2.41,6.379158,0.309483447,0.11985611,53.22346938,2.582124911
1byTDaqS91rBnWJlv$n$GX,IfcDoor,1.267,0.374,2.41,6.379158,0.309483447,0.11985611,53.22346938,2.582124911
21QXPa4vP6k9SQDBS6RqSU,IfcWindow,1.415,0.32,1.2,3.8645,0.428325254,0.043075,89.7156123,9.943708747
0_QRrhjHj50x3FYdiDDmEV,IfcWindow,1.21,0.32,2.72,7.4454,0.384804697,0.076102,97.8344853,5.056433428
2g$QZpOGbBUxSNx_ZgxJs2,IfcWindow,0.467,1.2,1.935,7.183156,0.391513745,0.068159298,105.3877638,5.744098845
35QeWibpT4DfyH3NIf2nWf,IfcDoor,0.374,1.267,2.41,6.379158,0.309483447,0.11985611,53.22346938,2.582124911
1byTDaqS91rBnWJlv$nnMB,IfcDoor,0.374,1.267,2.41,6.379158,0.309483447,0.11985611,53.22346938,2.582124911
35QeWibpT4DfyH3NIf2nqk,IfcDoor,0.374,1.267,2.41,6.379158,0.309483447,0.11985611,53.22346938,2.582124911
1byTDaqS91rBnWJlv$nmuz,IfcDoor,1.267,0.374,2.41,6.379158,0.309483447,0.11985611,53.22346938,2.582124911
35QeWibpT4DfyH3NIf2mGD,IfcDoor,1.267,0.374,2.41,6.379158,0.309483447,0.11985611,53.22346938,2.582124911
2g$QZpOGbBUxSNx_ZgxJ$f,IfcWindow,0.467,1.2,1.935,7.183156,0.391513745,0.068159298,105.3877638,5.744098845
35QeWibpT4DfyH3NIf2nuL,IfcDoor,0.374,1.267,2.41,6.379158,0.309483447,0.11985611,53.22346938,2.582124911
3T5uQCw_91vwRNf6YbqNPs,IfcDoor,1.085,0.32,2.72,7.3259,0.290914046,0.14596,50.19114826,1.993108018
0otfaO0qPDAhynjJ6DmgaJ,IfcWindow,1.2,0.467,1.935,7.183156,0.391513745,0.068159298,105.3877638,5.744098845
0otfaO0qPDAhynjJ6Dmg3B,IfcWindow,0.467,1.2,1.935,7.183156,0.391513745,0.068159298,105.3877638,5.744098845
35QeWibpT4DfyH3NIf2oWQ,IfcDoor,1.267,0.374,2.41,6.379158,0.309483447,0.11985611,53.22346938,2.582124911
1Mcb7tHkLBAuI0wwXjNdwi,IfcSlab,7.675,7.38,0.38,106.4208,2.922131401,8.97669,11.8552384,0.325524375
1byTDaqS91rBnWJlv$nmwJ,IfcDoor,0.374,1.267,2.41,6.379158,0.309483447,0.11985611,53.22346938,2.582124911
1byTDaqS91rBnWJlv$n$jF,IfcDoor,1.267,0.374,2.41,6.379158,0.309483447,0.11985611,53.22346938,2.582124911
1byTDaqS91rBnWJlv$nmGk,IfcDoor,1.267,0.374,2.41,6.379158,0.309483447,0.11985611,53.22346938,2.582124911
1byTDaqS91rBnWJlv$nmzE,IfcDoor,1.267,0.374,2.41,6.379158,0.309483447,0.11985611,53.22346938,2.582124911
1M__5GxAz3ZQ0MDu9qSzkt,IfcDoor,1.085,0.32,2.33,6.2534,0.290543469,0.1240225,50.4214961,2.342667414
1i9qyzPSX9HgDyUND9oE5r,IfcDoor,1.085,0.32,2.72,7.3259,0.290914046,0.14596,50.19114826,1.993108018
0QhUJyYVf6kv6QGMf6oO99,IfcRailing,2.385,0.435,1.1175,2.227782366,0.82537973,0.013959764,159.5859627,59.12562231
1hOSvn6df7F8_7GcBWlRH8,IfcDoor,0.667,1.602,2.286,7.555608,0.417359088,0.1487411,50.79704265,2.80594327
2OBrcmyk58NupXoVOHUvPL,IfcDoor,0.374,1.216,2.308,5.866608,0.294963595,0.108842048,53.90019857,2.710015116
0Xq84doDT4bhudPNm8GcHM,IfcSlab,2.45,0.45,0.3,1.625,0.653516131,0.05625,28.88888889,11.61806455
2d$nQUVtH5i8ulOgXV26ZM,IfcSlab,2.7,2.2,0.3,10.9,0.924211376,0.5,21.8,1.848422751
3w9$CvKpv0dhLlXd16X1xQ,IfcRailing,2.385,0.4175,1.1175,2.227782366,0.82484013,0.013959764,159.5859627,59.08696836
35QeWibpT4DfyH3NIf2nrl,IfcDoor,0.374,1.267,2.41,6.379158,0.309483447,0.11985611,53.22346938,2.582124911
0QOZ2tbwPA7OVtQXbgDBvb,IfcDoor,0.32,1.085,2.72,7.3259,0.290914046,0.14596,50.19114826,1.993108018
3LvCR8tPr4Ew7wZXSMele6,IfcSlab,7.675,7.38,0.61,119.3581,2.992045357,22.004905,5.424158841,0.135971746
3UYqhMg6zElQO64rLnewgQ,IfcSlab,2.45,0.45,0.3,1.625,0.653516131,0.05625,28.88888889,11.61806455
1byTDaqS91rBnWJlv$nnNu,IfcDoor,1.267,0.374,2.41,6.379158,0.309483447,0.11985611,53.22346938,2.582124911
2g$QZpOGbBUxSNx_ZgxJz3,IfcWindow,0.467,1.2,1.935,7.183156,0.391513745,0.068159298,105.3877638,5.744098845
0otfaO0qPDAhynjJ6DnLqt,IfcWindow,1.2,0.467,1.935,7.183156,0.391513745,0.068159298,105.3877638,5.744098845
3qpE7fVkr8dRZ2wfCc6tpH,IfcDoor,0.225,1.065,1.7,2.71325,0.24980826,0.0324375,83.64547206,7.701218029
1Q7vSN7v15bQzJ_Iw0KiPz,IfcSlab,2.45,0.45,0.3,1.625,0.653516131,0.05625,28.88888889,11.61806455
0bpfxAz3XBrAx$RjFuHwqx,IfcRailing,1.307818419,6.366772285,1.299999663,4.62377141,1.703520291,0.143594582,32.20018009,11.86340225
1hOSvn6df7F8_7GcBWlRGQ,IfcDoor,0.667,1.602,2.286,7.555608,0.417359088,0.1487411,50.79704265,2.80594327
1l0GAJtRTFv8$zmKJOH4qs,IfcWindow,0.617,1.019,0.959,4.249626,0.330818335,0.04872698,87.21299781,6.78922304
1bPpW80Z12EOilKhiMM4WW,IfcDoor,1.085,0.32,2.72,7.3259,0.290914046,0.14596,50.19114826,1.993108018
1byTDaqS91rBnWJlv$nnv2,IfcDoor,1.267,0.374,2.41,6.379158,0.309483447,0.11985611,53.22346938,2.582124911
1ZTfuI795Cex7tId36GF1Z,IfcDoor,1.085,0.32,2.72,7.3259,0.290914046,0.14596,50.19114826,1.993108018
0jTEfRlBLDTf4uGpJsX60v,IfcDoor,1.21,0.32,2.8,8.2634,0.329471078,0.16746,49.34551535,1.967461349
27LYbuuBj2h8ld0YMQKXCX,IfcSlab,2.45,0.45,0.3,1.625,0.653516131,0.05625,28.88888889,11.61806455
0otfaO0qPDAhynjJ6DnLXx,IfcDoor,0.32065,2,2.525,8.760214803,0.518645849,0.080042463,109.4445931,6.479633792
35QeWibpT4DfyH3NIf2sJ8,IfcDoor,1.267,0.374,2.41,6.379158,0.309483447,0.11985611,53.22346938,2.582124911
1l0GAJtRTFv8$zmKJOH4u1,IfcWindow,0.617,1.019,0.959,4.249626,0.330818335,0.04872698,87.21299781,6.78922304
0Gq_aKB011lg32BgJmYqkx,IfcSlab,7.675,7.38,0.38,106.4208,2.922131401,8.97669,11.8552384,0.325524375
1GiWsHhUr5HBFMl4ObzVRK,IfcSlab,2.45,0.45,0.3,1.625,0.653516131,0.05625,28.88888889,11.61806455
1Z3ORnu413Pvme3YFTDFKx,IfcDoor,0.32,1.085,2.8,7.5459,0.290976641,0.15046,50.15219992,1.933913606
3a36cxjXjC3AZGQEMuUogn,IfcDoor,2.19,0.32,2.8,14.1436,0.622773922,0.30074,47.02932766,2.070805088
1byTDaqS91rBnWJlv$nmW0,IfcDoor,0.374,1.267,2.41,6.379158,0.309483447,0.11985611,53.22346938,2.582124911
1byTDaqS91rBnWJlv$n$H4,IfcDoor,0.374,1.267,2.41,6.379158,0.309483447,0.11985611,53.22346938,2.582124911
1byTDaqS91rBnWJlv$nnU$,IfcDoor,0.374,1.267,2.41,6.379158,0.309483447,0.11985611,53.22346938,2.582124911
35QeWibpT4DfyH3NIf2nvC,IfcDoor,1.267,0.374,2.41,6.379158,0.309483447,0.11985611,53.22346938,2.582124911
35QeWibpT4DfyH3NIf2n4J,IfcDoor,1.267,0.374,2.41,6.379158,0.309483447,0.11985611,53.22346938,2.582124911
0otfaO0qPDAhynjJ6DmgGp,IfcWindow,0.467,1.2,1.935,7.183156,0.391513745,0.068159298,105.3877638,5.744098845
1byTDaqS91rBnWJlv$n$qC,IfcDoor,1.267,0.374,2.41,6.379158,0.309483447,0.11985611,53.22346938,2.582124911
08r4_f05L5auzD4X$ClcAw,IfcWindow,1.415,0.32,1.68,5.3669,0.44207506,0.056107,95.65473114,7.879142714
35QeWibpT4DfyH3NIf2nA4,IfcDoor,0.374,1.267,2.41,6.379158,0.309483447,0.11985611,53.22346938,2.582124911
35QeWibpT4DfyH3NIf2olz,IfcDoor,0.374,1.267,2.41,6.379158,0.309483447,0.11985611,53.22346938,2.582124911
21ldoMpbP4VfsJ0XGY_34P,IfcRailing,0.24,3.95000024,3.156856246,0.597544656,1.07843207,0.005838258,102.3498206,184.7181258
1byTDaqS91rBnWJlv$nm10,IfcDoor,0.374,1.267,2.41,6.379158,0.309483447,0.11985611,53.22346938,2.582124911
3h2oPIyc5CZBrXnvEqeG_P,IfcWindow,1.415,0.32,1.68,5.3669,0.44207506,0.056107,95.65473114,7.879142714
3otxB_Cqf9RewWFNuf574U,IfcRailing,2.385,0.435,1.1175,2.227782366,0.82537973,0.013959764,159.5859627,59.12562231
35QeWibpT4DfyH3NIf2npj,IfcDoor,0.374,1.267,2.41,6.379158,0.309483447,0.11985611,53.22346938,2.582124911
35QeWibpT4DfyH3NIf2nl2,IfcDoor,1.267,0.374,2.41,6.379158,0.309483447,0.11985611,53.22346938,2.582124911
0Iv7Z2HBT5FOzKWPhtU42V,IfcSlab,2.7,2.2,0.3,10.9,0.924211376,0.5,21.8,1.848422751
0otfaO0qPDAhynjJ6DmgkM,IfcWindow,1.2,0.467,1.935,7.183156,0.391513745,0.068159298,105.3877638,5.744098845
1byTDaqS91rBnWJlv$nnE_,IfcDoor,1.267,0.374,2.41,6.379158,0.309483447,0.11985611,53.22346938,2.582124911
0xsG2MKUfDj969xhpJiyYH,IfcSlab,7.675,7.38,0.38,106.4208,2.922131401,8.97669,11.8552384,0.325524375
1byTDaqS91rBnWJlv$n$_5,IfcDoor,0.374,1.352,2.41,6.784948,0.333758268,0.12943,52.42175693,2.578677803
1byTDaqS91rBnWJlv$nmMw,IfcDoor,1.267,0.374,2.41,6.379158,0.309483447,0.11985611,53.22346938,2.582124911
0tIhQ6hmz02e5gznEed4FD,IfcDoor,0.374,1.267,2.41,6.379158,0.309483447,0.11985611,53.22346938,2.582124911
35QeWibpT4DfyH3NIf2odN,IfcDoor,0.374,1.267,2.41,6.379158,0.309483447,0.11985611,53.22346938,2.582124911
0INGoQzzLEDgz2y8pq7HJD,IfcDoor,2.19,0.32,2.8,14.1436,0.622773922,0.30074,47.02932766,2.070805088
1hOSvn6df7F8_7GcBWlS9F,IfcDoor,0.374,1.114,2.308,5.400468,0.265980739,0.097883984,55.17213112,2.717306024
1hOSvn6df7F8_7GcBWlSnC,IfcWindow,1.019,0.617,0.959,4.249626,0.330818335,0.04872698,87.21299781,6.78922304
1byTDaqS91rBnWJlv$n$fc,IfcDoor,0.374,1.267,2.41,6.379158,0.309483447,0.11985611,53.22346938,2.582124911
1RsnZGkdD24gP_Mn_xjUTL,IfcDoor,1.085,0.32,2.72,7.3259,0.290914046,0.14596,50.19114826,1.993108018
1GtTrf_lf4ChsZ$SM9tpJX,IfcSlab,2.45,0.45,0.3,1.625,0.653516131,0.05625,28.88888889,11.61806455
1byTDaqS91rBnWJlv$nnPu,IfcDoor,0.374,1.267,2.41,6.379158,0.309483447,0.11985611,53.22346938,2.582124911
3qpE7fVkr8dRZ2wfCc6rOU,IfcRailing,0.243295688,1.824,1.301647844,1.215042375,0.498544627,0.007035911,172.6915521,70.85715466
1sRXNaZyHBZf8ll8vLzCCr,IfcDoor,2.19,0.32,2.8,14.1436,0.622773922,0.30074,47.02932766,2.070805088
35QeWibpT4DfyH3NIf2nez,IfcDoor,1.267,0.374,2.41,6.379158,0.309483447,0.11985611,53.22346938,2.582124911
1byTDaqS91rBnWJlv$n_q6,IfcDoor,1.572,0.517,2.41,7.835228,0.401077501,0.15420948,50.80899047,2.600861513
0mxk1RW8H5mvX1dNnpRqtX,IfcDoor,1.267,0.517,2.41,6.379158,0.316067497,0.11985611,53.22346938,2.637057858
35QeWibpT4DfyH3NIf2o3X,IfcDoor,1.267,0.374,2.41,6.379158,0.309483447,0.11985611,53.22346938,2.582124911
0ztdC3L1HAzhbhMHypqcYf,IfcDoor,0.374,1.267,2.41,6.379158,0.309483447,0.11985611,53.22346938,2.582124911
35QeWibpT4DfyH3NIf2n1I,IfcDoor,1.267,0.374,2.41,6.379158,0.309483447,0.11985611,53.22346938,2.582124911
3gxEUcQPP23QLc7sJ27bfx,IfcSlab,7.675,7.38,0.38,106.4208,2.922131401,8.97669,11.8552384,0.325524375
37wAzjMQf3$gm9k5FcpmpO,IfcWindow,1.21,0.32,2.72,7.4454,0.384804697,0.076102,97.8344853,5.056433428
2Pmz6mr5j1XR2kabw07OcW,IfcDoor,0.32,1.085,2.72,7.3259,0.290914046,0.14596,50.19114826,1.993108018
0erXUP2Jv3o90g3rVxo2Sp,IfcSlab,7.675,7.38,0.38,106.4208,2.922132226,8.97669,11.8552384,0.325524467
0kRWKxi_L8IgM5pxQ3Afs3,IfcDoor,1.21,0.32,2.8,8.2634,0.329471078,0.16746,49.34551535,1.967461349
0wkEuT1wr1kOyafLY4v_PL,IfcRailing,0.24,3.950000308,3.156856246,0.597546335,1.078431269,0.00583828,102.3497274,184.7173013
1byTDaqS91rBnWJlv$n$M9,IfcDoor,0.374,1.267,2.41,6.379158,0.309483447,0.11985611,53.22346938,2.582124911
35QeWibpT4DfyH3NIf2oNE,IfcDoor,1.267,0.374,2.41,6.379158,0.309483447,0.11985611,53.22346938,2.582124911
0otfaO0qPDAhynjJ6Dmg0_,IfcWindow,1.2,0.467,1.935,7.183156,0.391513745,0.068159298,105.3877638,5.744098845
1byTDaqS91rBnWJlv$nm9F,IfcDoor,0.374,1.267,2.41,6.379158,0.309483447,0.11985611,53.22346938,2.582124911
35QeWibpT4DfyH3NIf2mQM,IfcDoor,1.267,0.374,2.41,6.379158,0.309483447,0.11985611,53.22346938,2.582124911
2g$QZpOGbBUxSNx_ZgxG8P,IfcWindow,1.2,0.467,1.935,7.183156,0.391513745,0.068159298,105.3877638,5.744098845
2w0JgsbVrF_h9NIy9zJqq2,IfcWindow,1.2,0.32,0.825,2.2715,0.342127331,0.028325,80.19417476,12.07863481
1XDak$XfD6EgU4WfRG3PW2,IfcDoor,2.19,0.32,2.72,13.7388,0.622670396,0.29182,47.07970667,2.133748187
1hOSvn6df7F8_7GcBWlS2V,IfcWindow,1.019,0.617,0.959,4.249626,0.330818335,0.04872698,87.21299781,6.78922304
3pms57Ad5AVAb74jf4yKZb,IfcDoor,1.267,0.374,2.41,6.379158,0.309483447,0.11985611,53.22346938,2.582124911
35QeWibpT4DfyH3NIf2nds,IfcDoor,0.374,1.267,2.41,6.379158,0.309483447,0.11985611,53.22346938,2.582124911
35QeWibpT4DfyH3NIf2oXr,IfcDoor,1.267,0.374,2.41,6.379158,0.309483447,0.11985611,53.22346938,2.582124911
1byTDaqS91rBnWJlv$n_s5,IfcDoor,0.517,1.267,2.41,6.379158,0.316067497,0.11985611,53.22346938,2.637057858
17EsVZ1aP6LhBbb$qVMGSf,IfcRailing,2.385,0.435,1.1175,2.227782366,0.82537973,0.013959764,159.5859627,59.12562231
0ClPCUC7jCQRnj1dhupHk0,IfcDoor,1.065,0.225,1.7,2.71325,0.24980826,0.0324375,83.64547206,7.701218029
1byTDaqS91rBnWJlv$nnj_,IfcDoor,0.374,1.267,2.41,6.379158,0.309483447,0.11985611,53.22346938,2.582124911
35QeWibpT4DfyH3NIf2n25,IfcDoor,1.267,0.374,2.41,6.379158,0.309483447,0.11985611,53.22346938,2.582124911
1pSxEG2rr6zgoLYoEvbIzF,IfcSlab,2.45,0.45,0.3,1.625,0.653516131,0.05625,28.88888889,11.61806455
1hKPrj_5TAsgq4jTLqsBdP,IfcDoor,1.21,0.32,2.8,8.2634,0.329471078,0.16746,49.34551535,1.967461349
3zJdAHxef7TALi7pssIWZx,IfcRailing,2.385,0.435,1.1175,2.227782366,0.82537973,0.013959764,159.5859627,59.12562231
0mStS$juH0$wi3dHqZrUgd,IfcRailing,2.385,0.435,1.1175,2.227782366,0.82537973,0.013959764,159.5859627,59.12562231
0otfaO0qPDAhynjJ6DmgUg,IfcWindow,0.467,1.2,1.935,7.183156,0.391513745,0.068159298,105.3877638,5.744098845
0mxk1RW8H5mvX1dNnpRqy_,IfcDoor,0.517,2.182,2.41,10.965036,0.574538948,0.22291622,49.1890451,2.577376144
33RCWHsGj7kvpWT5pcQpxV,IfcSlab,7.675,7.38,0.38,106.4208,2.922132226,8.97669,11.8552384,0.325524467
2OBrcmyk58NupXoVOHUvVV,IfcDoor,1.216,0.374,2.308,5.866608,0.294963595,0.108842048,53.90019857,2.710015116
0otfaO0qPDAhynjJ6DmgEk,IfcWindow,0.467,1.2,1.935,7.183156,0.391513745,0.068159298,105.3877638,5.744098844
1vI2HIVov9wADPa8xtU7sX,IfcDoor,2.19,0.32,2.72,13.7388,0.622670396,0.29182,47.07970667,2.133748187
35QeWibpT4DfyH3NIf2n3I,IfcDoor,0.374,1.267,2.41,6.379158,0.309483447,0.11985611,53.22346938,2.582124911
2g$QZpOGbBUxSNx_ZgxJnH,IfcWindow,0.467,1.2,1.935,7.183156,0.391513745,0.068159298,105.3877638,5.744098845
35QeWibpT4DfyH3NIf2n6z,IfcDoor,1.267,0.374,2.41,6.379158,0.309483447,0.11985611,53.22346938,2.582124911
2O2Fr$t4X7Zf8NOew3FKcz,IfcSlab,8.166,9.508,0.327,134.200452,3.375078396,8.243116356,16.28030543,0.409442042
3LrM6K8GbDJQd70IrWqHee,IfcDoor,1.085,0.32,2.33,6.2534,0.290543469,0.1240225,50.4214961,2.342667414
35QeWibpT4DfyH3NIf2mHI,IfcDoor,0.374,1.267,2.41,6.379158,0.309483447,0.11985611,53.22346938,2.582124911
35QeWibpT4DfyH3NIf2o7O,IfcDoor,0.374,1.267,2.41,6.379158,0.309483447,0.11985611,53.22346938,2.582124911
0otfaO0qPDAhynjJ6Dmg2W,IfcWindow,1.2,0.467,1.935,7.183156,0.391513745,0.068159298,105.3877638,5.744098845
1byTDaqS91rBnWJlv$nnJP,IfcDoor,0.374,1.267,2.41,6.379158,0.309483447,0.11985611,53.22346938,2.582124911
0otfaO0qPDAhynjJ6DmgB1,IfcWindow,1.2,0.467,1.935,7.183156,0.391513745,0.068159298,105.3877638,5.744098845
0BsfPMIFH8Zv_Ow$15bzvY,IfcRailing,2.385,0.435,1.1175,2.227782366,0.82537973,0.013959764,159.5859627,59.12562231
1byTDaqS91rBnWJlv$nmQZ,IfcDoor,0.374,1.267,2.41,6.379158,0.309483447,0.11985611,53.22346938,2.582124911
1byTDaqS91rBnWJlv$nncb,IfcDoor,1.267,0.517,2.41,6.379158,0.316067497,0.11985611,53.22346938,2.637057858
35QeWibpT4DfyH3NIf2ovI,IfcDoor,1.267,0.374,2.41,6.379158,0.309483447,0.11985611,53.22346938,2.582124911
1byTDaqS91rBnWJlv$nng6,IfcDoor,1.267,0.374,2.41,6.379158,0.309483447,0.11985611,53.22346938,2.582124911
1P1HuDeiX6$eDeymjNUNcy,IfcSlab,7.675,7.38,0.38,106.4208,2.922132226,8.97669,11.8552384,0.325524467
0jl_xsV_P4OeVQgFrvx2T3,IfcSlab,2.7,2.2,0.3,10.9,0.924211376,0.5,21.8,1.848422751
35QeWibpT4DfyH3NIf2nLm,IfcDoor,1.267,0.374,2.41,6.379158,0.309483447,0.11985611,53.22346938,2.582124911
0mxk1RW8H5mvX1dNnpRqso,IfcDoor,1.267,0.517,2.41,6.379158,0.316067497,0.11985611,53.22346938,2.637057858
0otfaO0qPDAhynjJ6DmgSS,IfcWindow,0.467,1.2,1.935,7.183156,0.391513745,0.068159298,105.3877638,5.744098845
1vWvhwodz6kO57L1qYq7Pq,IfcSlab,7.675,7.38,0.61,119.3581,2.992045357,22.004905,5.424158841,0.135971746
0YZQk2z7H7pALLPQy5moJC,IfcWindow,1.21,0.32,2.72,7.4454,0.384804697,0.076102,97.8344853,5.056433428
1Eo2$BaHX42AEkDvQQDoy2,IfcWindow,1.372537683,1.424537683,0.3778,5.458225014,0.61071151,0.041999183,129.9602663,14.54103308
21ldoMpbP4VfsJ0XGY_335,IfcRailing,0.290000031,4.004999605,4.151546488,7.417078872,1.085903544,0.049133668,150.9571586,22.1010072
1byTDaqS91rBnWJlv$nn4z,IfcDoor,0.374,1.267,2.41,6.379158,0.309483447,0.11985611,53.22346938,2.582124911
35QeWibpT4DfyH3NIf2njx,IfcDoor,1.267,0.374,2.41,6.379158,0.309483447,0.11985611,53.22346938,2.582124911
1M9GtOTmb0y9zzrbwAaiAe,IfcSlab,1.21,0.6,0.3,1.09,0.313594749,0.0404,26.98019802,7.762246265
1byTDaqS91rBnWJlv$n_yt,IfcDoor,0.374,1.267,2.41,6.379158,0.309483447,0.11985611,53.22346938,2.582124911
1hOSvn6df7F8_7GcBWlSFK,IfcDoor,1.216,0.374,2.308,5.866608,0.294963595,0.108842048,53.90019857,2.710015116
1uDBQ9y7vCyxXlpVEuen9f,IfcDoor,0.374,1.267,2.41,6.379158,0.309483447,0.11985611,53.22346938,2.582124911
1byTDaqS91rBnWJlv$nnC3,IfcDoor,1.267,0.374,2.41,6.379158,0.309483447,0.11985611,53.22346938,2.582124911
3qpE7fVkr8dRZ2wfCc6tut,IfcDoor,0.225,1.065,1.7,2.71325,0.24980826,0.0324375,83.64547206,7.701218029
1byTDaqS91rBnWJlv$nmDB,IfcDoor,1.267,0.374,2.41,6.379158,0.309483447,0.11985611,53.22346938,2.582124911
1aZE7fjF18ovAeU9YcW3co,IfcDoor,0.32,1.085,2.33,6.2534,0.290543469,0.1240225,50.4214961,2.342667414
1xfLwxrwjApBA8tbFmG1Ga,IfcDoor,0.32,1.085,2.33,6.2534,0.290543469,0.1240225,50.4214961,2.342667414
1byTDaqS91rBnWJlv$nmCV,IfcDoor,1.267,0.374,2.41,6.379158,0.309483447,0.11985611,53.22346938,2.582124911
1byTDaqS91rBnWJlv$n$Rv,IfcDoor,0.374,1.267,2.41,6.379158,0.309483447,0.11985611,53.22346938,2.582124911
1hOSvn6df7F8_7GcBWlS8Z,IfcDoor,0.374,1.114,2.308,5.400468,0.265980739,0.097883984,55.17213112,2.717306024
2ECY7P09TDHBd9sp2vjN91,IfcSlab,3.11,1.805784992,0.437115052,10.69060951,0.958888857,0.700180547,15.26836121,1.369488
35QeWibpT4DfyH3NIf2ouF,IfcDoor,1.267,0.374,2.41,6.379158,0.309483447,0.11985611,53.22346938,2.582124911
0otfaO0qPDAhynjJ6DmgC_,IfcWindow,0.467,1.2,1.935,7.183156,0.391513745,0.068159298,105.3877638,5.744098845
1byTDaqS91rBnWJlv$nmLC,IfcDoor,0.374,1.267,2.41,6.379158,0.309483447,0.11985611,53.22346938,2.582124911
0otfaO0qPDAhynjJ6Dmg8s,IfcWindow,1.2,0.467,1.935,7.183156,0.391513745,0.068159298,105.3877638,5.744098844
1byTDaqS91rBnWJlv$nnIo,IfcDoor,1.267,0.374,2.41,6.379158,0.309483447,0.11985611,53.22346938,2.582124911
0jXjAQGd97WhhGteTco3Tc,IfcDoor,1.21,0.32,2.8,8.2634,0.329471078,0.16746,49.34551535,1.967461349
35QeWibpT4DfyH3NIf2ogt,IfcDoor,0.374,1.267,2.41,6.379158,0.309483447,0.11985611,53.22346938,2.582124911
35QeWibpT4DfyH3NIf2ncB,IfcDoor,1.267,0.374,2.41,6.379158,0.309483447,0.11985611,53.22346938,2.582124911
1byTDaqS91rBnWJlv$nn_r,IfcDoor,1.267,0.374,2.41,6.379158,0.309483447,0.11985611,53.22346938,2.582124911
1l0GAJtRTFv8$zmKJOH4aS,IfcWindow,0.617,0.95,2.4,9.044896,0.332507559,0.098674048,91.66438576,3.369756947
04RQcjHB5Dgx411vE8P8XP,IfcSlab,1.35,2.486000166,0.25,5.601400398,0.738709277,0.13144501,42.61402101,5.619911171
1byTDaqS91rBnWJlv$nnSA,IfcDoor,0.374,1.267,2.41,6.379158,0.309483447,0.11985611,53.22346938,2.582124911
3vrTMqxmj8dxP6xSXJOWeo,IfcDoor,2.19,0.32,2.72,13.7388,0.622670396,0.29182,47.07970667,2.133748187
3FspznBtDEHvzdw0svPIBE,IfcDoor,2.19,0.32,2.72,13.7388,0.622670396,0.29182,47.07970667,2.133748187
2OBrcmyk58NupXoVOHUt5W,IfcSlab,2.289,5.748,0.219,14.711942,1.663821803,0.137006492,107.3813495,12.14410922
1pgH2UbyLCSAqMChvlRTgP,IfcWindow,0.95,0.32,1.18,2.565,0.273392998,0.031,82.74193548,8.819128958
35QeWibpT4DfyH3NIf2o5b,IfcDoor,0.374,1.267,2.41,6.379158,0.309483447,0.11985611,53.22346938,2.582124911
35QeWibpT4DfyH3NIf2nf$,IfcDoor,0.374,1.267,2.41,6.379158,0.309483447,0.11985611,53.22346938,2.582124911
3z$0YXO8H6xh4v7IQJslQj,IfcSlab,2.45,0.45,0.3,1.625,0.653516131,0.05625,28.88888889,11.61806455
10lgo1CAH268c71AJ77BCo,IfcDoor,2.19,0.32,2.72,13.7388,0.622670396,0.29182,47.07970667,2.133748187
2OBrcmyk58NupXoVOHUtDX,IfcSlab,3.908,6.449,0.219,44.46483,2.032653457,0.418821408,106.1665644,4.853270195
3NhaIUfh12PAdrGa$S3__B,IfcRailing,1.746,3.982501922,5.883905313,8.542079137,1.311129535,0.056837798,150.2887062,23.06791569
1byTDaqS91rBnWJlv$n$f7,IfcDoor,1.267,0.374,2.41,6.379158,0.309483447,0.11985611,53.22346938,2.582124911
1syLSFNVnA39MoughWJWM0,IfcWindow,1.415,0.32,1.2,3.8645,0.428325254,0.043075,89.7156123,9.943708747
3DH59LoNP1tQ_TY_i4PqcO,IfcWindow,1.415,0.32,1.2,3.8645,0.428325254,0.043075,89.7156123,9.943708747
23DXFXeer4rere3ElgJ8V3,IfcDoor,1.085,0.32,2.72,7.3259,0.290914046,0.14596,50.19114826,1.993108018
2OBrcmyk58NupXoVOHUtBP,IfcSlab,3.908,6.465,0.219,44.517246,2.034912421,0.419313584,106.166954,4.852960882
1byTDaqS91rBnWJlv$nnMl,IfcDoor,1.267,0.374,2.41,6.379158,0.309483447,0.11985611,53.22346938,2.582124911
2Rr9aHsaTBoOdJEFsV5Emh,IfcDoor,1.21,0.32,2.8,8.2634,0.329471078,0.16746,49.34551535,1.967461349
3e3tYgh$TDDgtUPYoHkfWp,IfcSlab,7.675,7.38,0.61,119.3581,2.992045357,22.004905,5.424158841,0.135971746
2Z$bhUvXvB0eC0sh$4Wc5y,IfcWindow,0.95,0.32,0.825,1.784,0.261984325,0.0230125,77.52308528,11.38443565
1byTDaqS91rBnWJlv$n$7g,IfcDoor,1.267,0.374,2.41,6.379158,0.309483447,0.11985611,53.22346938,2.582124911
1byTDaqS91rBnWJlv$n$pH,IfcDoor,1.267,0.374,2.41,6.379158,0.309483447,0.11985611,53.22346938,2.582124911
1ebtU0g4fAwx_7wUW5_nPd,IfcRailing,2.385,0.425,1.1175,2.224077552,0.824473652,0.01393255,159.6317642,59.17607663
1byTDaqS91rBnWJlv$nmg3,IfcDoor,1.267,0.374,2.41,6.379158,0.309483447,0.11985611,53.22346938,2.582124911
3O3VAGTJr8RRXefjF5snTH,IfcDoor,0.32,1.085,2.8,7.5459,0.290976641,0.15046,50.15219992,1.933913605
2NoH25yv90exA9jaVK3jRb,IfcDoor,1.085,0.32,2.72,7.3259,0.290914046,0.14596,50.19114826,1.993108018
35QeWibpT4DfyH3NIf2o1m,IfcDoor,1.267,0.374,2.41,6.379158,0.309483447,0.11985611,53.22346938,2.582124911
2g$QZpOGbBUxSNx_ZgxJvL,IfcWindow,0.467,1.2,1.935,7.183156,0.391513745,0.068159298,105.3877638,5.744098845
3e5mSJfjT17voTzvz0RG3D,IfcSlab,2.45,0.45,0.3,1.625,0.653516131,0.05625,28.88888889,11.61806455
347$SAr5P0Tgy$4MRA8fPq,IfcDoor,0.32,1.085,2.72,7.3259,0.290914046,0.14596,50.19114826,1.993108018
1byTDaqS91rBnWJlv$n$CQ,IfcDoor,1.267,0.374,2.41,6.379158,0.309483447,0.11985611,53.22346938,2.582124911
1byTDaqS91rBnWJlv$nmSy,IfcDoor,0.374,1.267,2.41,6.379158,0.309483447,0.11985611,53.22346938,2.582124911
1wBWxwKSLByetrptC3STjZ,IfcDoor,2.19,0.32,2.8,14.1436,0.622773922,0.30074,47.02932766,2.070805088
35QeWibpT4DfyH3NIf2nxi,IfcDoor,1.267,0.374,2.41,6.379158,0.309483447,0.11985611,53.22346938,2.582124911
35QeWibpT4DfyH3NIf2n$O,IfcDoor,1.267,0.374,2.41,6.379158,0.309483447,0.11985611,53.22346938,2.582124911
2o4U8gTozCSR$4hVAQrqML,IfcDoor,1.21,0.32,2.8,8.2634,0.329471078,0.16746,49.34551535,1.967461349
1s1jVhK8z0pgKYcr9jt7AB,IfcDoor,1.165,0.667,2.696,6.9415335,0.383801683,0.06214232,111.7038027,6.176172381
0mxk1RW8H5mvX1dNnpRqn4,IfcDoor,2.182,0.517,2.41,10.965036,0.574538948,0.22291622,49.1890451,2.577376144
1byTDaqS91rBnWJlv$nnTt,IfcDoor,0.374,1.267,2.41,6.379158,0.309483447,0.11985611,53.22346938,2.582124911
0$IaQBYBr3Pw6T1KvIRRPa,IfcDoor,2.19,0.32,2.72,13.7388,0.622670396,0.29182,47.07970667,2.133748187
1q9AkVbyP2uP25bC45SS$F,IfcSlab,2.45,0.45,0.3,1.625,0.653516131,0.05625,28.88888889,11.61806455
0ts2uIyTXANPCCECMbRXsb,IfcWindow,1.21,0.32,2.72,7.4454,0.384804697,0.076102,97.8344853,5.056433428
1byTDaqS91rBnWJlv$nmlz,IfcDoor,1.267,0.374,2.41,6.379158,0.309483447,0.11985611,53.22346938,2.582124911
1l0GAJtRTFv8$zmKJOH4ZZ,IfcWindow,0.617,0.95,2.4,9.044896,0.332507559,0.098674048,91.66438576,3.369756947
3mS5Ix1D907PS6_XqVt4Oa,IfcSlab,1.21,0.6,0.3,1.09,0.313594749,0.0404,26.98019802,7.762246265
0Rlx3kx553$AgdhE2zVvQK,IfcDoor,1.085,0.32,2.72,7.3259,0.290914046,0.14596,50.19114826,1.993108018
01HjU3lDn5WOGWWXsZ1vFK,IfcSlab,1.21,0.6,0.3,1.09,0.313594749,0.0404,26.98019802,7.762246265
0bEVTjYjD3tObBla66qvaF,IfcDoor,1.085,0.32,2.72,7.3259,0.290914046,0.14596,50.19114826,1.993108018
1byTDaqS91rBnWJlv$nnW1,IfcDoor,0.374,1.267,2.41,6.379158,0.309483447,0.11985611,53.22346938,2.582124911
3NWz$p07HBHhRS5TfXCFuq,IfcSlab,2.45,0.45,0.3,1.625,0.653516131,0.05625,28.88888889,11.61806455
35QeWibpT4DfyH3NIf2oBp,IfcDoor,1.267,0.374,2.41,6.379158,0.309483447,0.11985611,53.22346938,2.582124911
0otfaO0qPDAhynjJ6Dmg94,IfcWindow,1.2,0.467,1.935,7.183156,0.391513745,0.068159298,105.3877638,5.744098845
1NHh_hUdv58eBVC4q4CA79,IfcWindow,1.415,0.32,1.2,3.8645,0.428325254,0.043075,89.7156123,9.943708747
3L1OWOnoz4Ie$NycZm5Oz7,IfcSlab,7.675,7.38,0.38,106.4208,2.922131401,8.97669,11.8552384,0.325524375
1byTDaqS91rBnWJlv$nnkx,IfcDoor,0.374,1.267,2.41,6.379158,0.309483447,0.11985611,53.22346938,2.582124911
3mC3xuqmjB0gbMnebRM4yv,IfcDoor,1.085,0.32,2.72,7.3259,0.290914046,0.14596,50.19114826,1.993108018
1Yhb_CCZzDzP4tYbACeeSH,IfcSlab,2.785,1.35,0.25,6.319,0.816737667,0.1486375,42.51282483,5.494829145
35QeWibpT4DfyH3NIf2mS8,IfcDoor,0.374,1.267,2.41,6.379158,0.309483447,0.11985611,53.22346938,2.582124911
3FnkWAk$b6d8JHuyZoeTOa,IfcDoor,0.32,1.085,2.72,7.3259,0.290914046,0.14596,50.19114826,1.993108018
2A1S0hQELFH8rlG8n1eOG0,IfcDoor,2.19,0.32,2.72,13.7388,0.622670396,0.29182,47.07970667,2.133748187
0g1b9wDNrC8hsUyxxEzcH7,IfcSlab,2.45,0.45,0.3,1.625,0.653516131,0.05625,28.88888889,11.61806455
0RZRzx31HAjQsFNl12CNaR,IfcDoor,0.32,1.085,2.33,6.2534,0.290543469,0.1240225,50.4214961,2.342667414
35QeWibpT4DfyH3NIf2oFr,IfcDoor,1.267,0.374,2.41,6.379158,0.309483447,0.11985611,53.22346938,2.582124911
2OBrcmyk58NupXoVOHUt2f,IfcSlab,1.724,4.36,0.213,12.827464,1.27893758,0.08241792,155.639259,15.51771241
22bw8OaqT6pRZaE9J6tOrv,IfcDoor,1.21,0.32,2.8,8.2634,0.329471078,0.16746,49.34551535,1.967461349
2XMhby0h13fBBJP1ZK$H04,IfcWindow,1.2,0.32,0.825,2.2715,0.342127331,0.028325,80.19417476,12.07863481
1GKhgeI0L248Ux1R1kFb4L,IfcDoor,0.32,1.085,2.72,7.3259,0.290914046,0.14596,50.19114826,1.993108018
35QeWibpT4DfyH3NIf2oNd,IfcDoor,1.267,0.374,2.41,6.379158,0.309483447,0.11985611,53.22346938,2.582124911
2OBrcmyk58NupXoVOHUuXp,IfcDoor,1.216,0.374,2.308,5.866608,0.294963595,0.108842048,53.90019857,2.710015116
2OBrcmyk58NupXoVOHUtxr,IfcSlab,8.166,9.508,0.219,95.097116,3.320520792,0.895848461,106.1531276,3.706565269
1byTDaqS91rBnWJlv$n$rP,IfcDoor,1.267,0.374,2.41,6.379158,0.309483447,0.11985611,53.22346938,2.582124911
35QeWibpT4DfyH3NIf2oj8,IfcDoor,1.267,0.374,2.41,6.379158,0.309483447,0.11985611,53.22346938,2.582124911
1e8IKHqkbCER6lN5_kMoH5,IfcWindow,0.95,0.32,0.825,1.784,0.261984325,0.0230125,77.52308528,11.38443565
0otfaO0qPDAhynjJ6DmghI,IfcWindow,1.2,0.467,1.935,7.183156,0.391513745,0.068159298,105.3877638,5.744098845
2g$QZpOGbBUxSNx_ZgxJu4,IfcWindow,0.467,1.2,1.935,7.183156,0.391513745,0.068159298,105.3877638,5.744098845
1byTDaqS91rBnWJlv$n$Um,IfcDoor,1.267,0.374,2.41,6.379158,0.309483447,0.11985611,53.22346938,2.582124911
0lkGbfCQn2k97dXiG8ko7K,IfcSlab,7.675,7.38,0.38,106.4208,2.922131401,8.97669,11.8552384,0.325524375
14C1RhPQ92nQUKvdg5fGjj,IfcSlab,7.675,7.38,0.38,106.4208,2.922131401,8.97669,11.8552384,0.325524375
2g$QZpOGbBUxSNx_ZgxJyK,IfcWindow,0.467,1.2,1.935,7.183156,0.391513745,0.068159298,105.3877638,5.744098845
1I_Rp6d3j27fE7zFUMgaqf,IfcDoor,2.902,0.245999999,2.162000012,12.53887856,0.804874549,0.059765163,209.802467,13.46728619
2YpUWhjlDDpQ88nr_wiwRo,IfcDoor,0.32,1.085,2.8,7.5459,0.290976641,0.15046,50.15219992,1.933913605
35QeWibpT4DfyH3NIf2ojX,IfcDoor,0.374,1.267,2.41,6.379158,0.309483447,0.11985611,53.22346938,2.582124911
06YhaePu15_xbXxglbbuPt,IfcDoor,1.21,0.32,2.8,8.2634,0.329471078,0.16746,49.34551535,1.967461349
35QeWibpT4DfyH3NIf2ohQ,IfcDoor,1.267,0.374,2.41,6.379158,0.309483447,0.11985611,53.22346938,2.582124911
1byTDaqS91rBnWJlv$nn6$,IfcDoor,1.267,0.374,2.41,6.379158,0.309483447,0.11985611,53.22346938,2.582124911
0swD$jEsPDe9FPvYXcT_Fi,IfcSlab,2.45,0.45,0.3,1.625,0.653516131,0.05625,28.88888889,11.61806455
3dj1AkCib0yB5EZit13Oks,IfcSlab,2.45,0.45,0.3,1.625,0.653516131,0.05625,28.88888889,11.61806455
1byTDaqS91rBnWJlv$n$e0,IfcDoor,0.374,1.267,2.41,6.379158,0.309483447,0.11985611,53.22346938,2.582124911
1byTDaqS91rBnWJlv$nmoB,IfcDoor,1.267,0.374,2.41,6.379158,0.309483447,0.11985611,53.22346938,2.582124911
1HKMGvC6H7s9ju$PIo1LSA,IfcDoor,0.32,1.085,2.8,7.5459,0.290976641,0.15046,50.15219992,1.933913606
0otfaO0qPDAhynjJ6DmgH8,IfcWindow,1.2,0.467,1.935,7.183156,0.391513745,0.068159298,105.3877638,5.744098845
0tIhQ6hmz02e5gznEed7$9,IfcDoor,0.374,1.267,2.41,6.379158,0.309483447,0.11985611,53.22346938,2.582124911
1byTDaqS91rBnWJlv$nnHw,IfcDoor,0.374,1.267,2.41,6.379158,0.309483447,0.11985611,53.22346938,2.582124911
2OBrcmyk58NupXoVOHUtjR,IfcSlab,1.656,2.371,0.213,6.416254,0.754606796,0.041092688,156.1410147,18.36352969
0E5tNCLuvCp8998ErqD0r5,IfcDoor,1.085,0.32,2.33,6.2534,0.290543469,0.1240225,50.4214961,2.342667414
3JkilHr2v6B8GAqSNNVI_y,IfcSlab,7.675,7.38,0.38,106.4208,2.922132226,8.97669,11.8552384,0.325524467
1HBsyCWv11vwEaDoElYIZq,IfcSlab,1.21,0.6,0.3,1.09,0.313594749,0.0404,26.98019802,7.762246265
1byTDaqS91rBnWJlv$n$Wu,IfcDoor,0.374,1.267,2.41,6.379158,0.309483447,0.11985611,53.22346938,2.582124911
2NHD_$8fb3ZexljM$wSStT,IfcDoor,2.902,0.245999999,2.162000012,12.53887856,0.804874549,0.059765163,209.802467,13.46728619
1byTDaqS91rBnWJlv$n$WN,IfcDoor,1.267,0.374,2.41,6.379158,0.309483447,0.11985611,53.22346938,2.582124911
0B_j0fwlj889mmxSnxsdQl,IfcDoor,0.32,1.085,2.72,7.3259,0.290914046,0.14596,50.19114826,1.993108018
0otfaO0qPDAhynjJ6Dmg5J,IfcWindow,1.2,0.467,1.935,7.183156,0.391513745,0.068159298,105.3877638,5.744098845
2OBrcmyk58NupXoVOHUt8s,IfcSlab,2.289,5.748,0.219,14.711942,1.663768341,0.137006492,107.3813495,12.143719
35QeWibpT4DfyH3NIf2mR5,IfcDoor,1.267,0.374,2.41,6.379158,0.309483447,0.11985611,53.22346938,2.582124911
1deg7wfi96yububV0SOjn4,IfcWindow,1.21,0.32,2.72,7.4454,0.384804697,0.076102,97.8344853,5.056433428
0otfaO0qPDAhynjJ6Dmgfp,IfcWindow,1.2,0.467,1.935,7.183156,0.391513745,0.068159298,105.3877638,5.744098845
0TDye8xYn3kgd3hFqcneWJ,IfcSlab,7.675,7.38,0.61,119.3581,2.992045357,22.004905,5.424158841,0.135971746
3qOL0KDQH3Qvieacuq$yd5,IfcDoor,1.085,0.32,2.72,7.3259,0.290914046,0.14596,50.19114826,1.993108018
3qpE7fVkr8dRZ2wfCc6tw0,IfcDoor,0.225,1.065,1.7,2.71325,0.24980826,0.0324375,83.64547206,7.701218029
02GplZAdX7FBhqgUmA_SiB,IfcWindow,1.21,0.32,2.72,7.4454,0.384804697,0.076102,97.8344853,5.056433428
35QeWibpT4DfyH3NIf2sGN,IfcDoor,0.374,1.267,2.41,6.379158,0.309483447,0.11985611,53.22346938,2.582124911
2g$QZpOGbBUxSNx_ZgxJw0,IfcWindow,0.467,1.2,1.935,7.183156,0.391513745,0.068159298,105.3877638,5.744098845
3w1$SS5sbA_8NkDoDBJkNw,IfcRailing,2.385,0.435,1.1175,2.227782366,0.82537973,0.013959764,159.5859627,59.12562231
1hOSvn6df7F8_7GcBWlRqU,IfcSlab,3.908,17.166,0.505,131.7123592,5.143325308,18.06485037,7.291084981,0.284714526
0otfaO0qPDAhynjJ6DmgMW,IfcWindow,0.467,1.2,1.935,7.183156,0.391513745,0.068159298,105.3877638,5.744098845
1byTDaqS91rBnWJlv$nmku,IfcDoor,1.267,0.374,2.41,6.379158,0.309483447,0.11985611,53.22346938,2.582124911
35QeWibpT4DfyH3NIf2obk,IfcDoor,1.267,0.374,2.41,6.379158,0.309483447,0.11985611,53.22346938,2.582124911
2QLOzP_31268tes8C3jTIs,IfcDoor,0.32,1.085,2.72,7.3259,0.290914046,0.14596,50.19114826,1.993108018
1Ng$ICL2f2M98Az0lSlhQz,IfcWindow,1.415,0.32,1.2,3.8645,0.428325254,0.043075,89.7156123,9.943708747
1l0GAJtRTFv8$zmKJOH4gQ,IfcWindow,0.617,1.019,0.959,4.25305924,0.330322653,0.048861284,87.04354278,6.760417
1byTDaqS91rBnWJlv$n$Vz,IfcDoor,1.267,0.374,2.41,6.379158,0.309483447,0.11985611,53.22346938,2.582124911
35QeWibpT4DfyH3NIf2nIt,IfcDoor,1.267,0.374,2.41,6.379158,0.309483447,0.11985611,53.22346938,2.582124911
1byTDaqS91rBnWJlv$nmZR,IfcDoor,0.374,1.267,2.41,6.379158,0.309483447,0.11985611,53.22346938,2.582124911
1byTDaqS91rBnWJlv$nnu8,IfcDoor,1.267,0.374,2.41,6.379158,0.309483447,0.11985611,53.22346938,2.582124911
2WsM$nyvb98RWhlaU_oiAD,IfcDoor,1.085,0.32,2.33,6.2534,0.290543469,0.1240225,50.4214961,2.342667414
1byTDaqS91rBnWJlv$nm5e,IfcDoor,0.374,1.267,2.41,6.379158,0.309483447,0.11985611,53.22346938,2.582124911
1CZILmCaHETO8tf3SgGEXu,IfcSlab,6,4.582734,0.35,53.8945346,2.098578037,3.81297858,14.13449708,0.55037761
35QeWibpT4DfyH3NIf2nNu,IfcDoor,1.267,0.374,2.41,6.379158,0.309483447,0.11985611,53.22346938,2.582124911
0otfaO0qPDAhynjJ6Dmg6e,IfcWindow,1.2,0.467,1.935,7.183156,0.391513745,0.068159298,105.3877638,5.744098845
1byTDaqS91rBnWJlv$nmaW,IfcDoor,1.267,0.374,2.41,6.379158,0.309483447,0.11985611,53.22346938,2.582124911
1byTDaqS91rBnWJlv$nmKL,IfcDoor,0.374,1.267,2.41,6.379158,0.309483447,0.11985611,53.22346938,2.582124911
1byTDaqS91rBnWJlv$nn9n,IfcDoor,1.267,0.374,2.41,6.379158,0.309483447,0.11985611,53.22346938,2.582124911
2CiKYfhMH7XAaCZdiBlh1x,IfcDoor,1.085,0.32,2.72,7.3259,0.290914046,0.14596,50.19114826,1.993108018
1E3qLP3bvBYfctv8gQnAjO,IfcDoor,2.19,0.32,2.72,13.7388,0.622670396,0.29182,47.07970667,2.133748187
028xLqEaXFswQeqzIF0BPt,IfcDoor,1.085,0.32,2.72,7.3259,0.290914046,0.14596,50.19114826,1.993108018
0NPxCUGN565g2LZ_Pp47uq,IfcSlab,2.45,0.45,0.3,1.625,0.653516131,0.05625,28.88888889,11.61806455
35QeWibpT4DfyH3NIf2nVW,IfcDoor,1.267,0.374,2.41,6.379158,0.309483447,0.11985611,53.22346938,2.582124911
1byTDaqS91rBnWJlv$nmA0,IfcDoor,1.267,0.374,2.41,6.379158,0.309483447,0.11985611,53.22346938,2.582124911
35QeWibpT4DfyH3NIf2nB7,IfcDoor,1.267,0.374,2.41,6.379158,0.309483447,0.11985611,53.22346938,2.582124911
0xYqOk0Sf4jPKywvhPpOSB,IfcWindow,1.2,0.32,0.825,2.2715,0.342127331,0.028325,80.19417476,12.07863481
3o5ntlA212uQCF0q6eQsZI,IfcDoor,0.32065,2,2.525,8.760214803,0.518645849,0.080042463,109.4445931,6.479633792
2sYQ3wpfX8eQVzo8SbwlxD,IfcRailing,2.385,0.435,1.1175,2.227782366,0.82537973,0.013959764,159.5859627,59.12562231
0otfaO0qPDAhynjJ6DmgOb,IfcWindow,0.467,1.2,1.935,7.183156,0.391513745,0.068159298,105.3877638,5.744098845
0wkEuT1wr1kOyafLY4v_PH,IfcRailing,0.29,4.005000375,4.151546488,7.417076328,1.085903143,0.049133645,150.9571767,22.10100927
0bxuYU3vbDUwnCCSeCFbMl,IfcRailing,2.385,0.435,1.1175,2.227782366,0.82537973,0.013959764,159.5859627,59.12562231
1byTDaqS91rBnWJlv$nmfx,IfcDoor,1.267,0.374,2.41,6.379158,0.309483447,0.11985611,53.22346938,2.582124911
1byTDaqS91rBnWJlv$n$Mi,IfcDoor,0.517,1.267,2.41,6.379158,0.316067497,0.11985611,53.22346938,2.637057858
3XAmjDLYrE_9uZwmC1hFxe,IfcWindow,1.2,0.32,0.825,2.2715,0.342127331,0.028325,80.19417476,12.07863481
1byTDaqS91rBnWJlv$n$Ex,IfcDoor,1.267,0.374,2.41,6.379158,0.309483447,0.11985611,53.22346938,2.582124911
3I3m6VKvr5Ax3aIfvw4WF5,IfcDoor,2.19,0.32,2.72,13.7388,0.622670396,0.29182,47.07970667,2.133748187
0mxk1RW8H5mvX1dNnpRq2q,IfcRailing,3.88,1.481000166,5.898248863,8.043906919,1.237891149,0.053439208,150.5244419,23.16447421
1byTDaqS91rBnWJlv$n$ds,IfcDoor,0.374,1.267,2.41,6.379158,0.309483447,0.11985611,53.22346938,2.582124911
0otfaO0qPDAhynjJ6DmgIr,IfcWindow,1.2,0.467,1.935,7.183156,0.391513745,0.068159298,105.3877638,5.744098845
3qpE7fVkr8dRZ2wfCc6tsf,IfcDoor,1.065,0.225,1.7,2.71325,0.24980826,0.0324375,83.64547206,7.701218029
0otfaO0qPDAhynjJ6DmgDl,IfcWindow,0.467,1.2,1.935,7.183156,0.391513745,0.068159298,105.3877638,5.744098845
1hOSvn6df7F8_7GcBWlSDm,IfcDoor,1.216,0.374,2.308,5.866608,0.294963595,0.108842048,53.90019857,2.710015116
35QeWibpT4DfyH3NIf2sUZ,IfcDoor,0.374,2.182,2.41,10.965036,0.572216562,0.22291622,49.1890451,2.566957945
1byTDaqS91rBnWJlv$n$0M,IfcDoor,1.267,0.374,2.41,6.379158,0.309483447,0.11985611,53.22346938,2.582124911
1l0GAJtRTFv8$zmKJOH4pU,IfcWindow,0.617,3,2.61,23.751856,1.01580199,0.221796648,107.0884353,4.57987981
35QeWibpT4DfyH3NIf2nKz,IfcDoor,1.267,0.374,2.41,6.379158,0.309483447,0.11985611,53.22346938,2.582124911